Num_Cta,Cli_codigo,TipoCuenta,Sucursal,FechaApertura,Saldo
191-10001-78,C0001,CTA CORRIENTE,Surco,31/10/2018,2343.56
191-10002-65,C0002,CTA AHORROS DOLARES,San Isidro,11/05/2018,10928.81
191-10003-96,C0003,NA,Surco,03/11/2011,3351.72
191-10004-18,C0004,CTA AHORROS DOLARES,San Isidro,18/01/2016,12611.21
191-10005-89,C0005,NA,Miraflores,28/04/2011,5930.93
191-10006-53,C0006,CTA CORRIENTE,Lince,11/06/2010,10322.75
191-10007-99,C0007,CTA AHORROS DOLARES,San Isidro,20/06/2013,10818.57
191-10008-12,C0008,CTA AHORROS SOLES,Callao,19/11/2023,2071.24
191-10009-49,C0009,CTA AHORROS DOLARES,Cajamarca,07/02/2020,11457.4
191-10010-58,C0010,NA,La Molina,10/06/2023,6748.84
191-10011-70,C0011,CTA AHORROS DOLARES,Callao,13/10/2019,8441.03
191-10012-66,C0012,CTA AHORROS DOLARES,San Isidro,19/10/2011,8756.44
191-10013-60,C0013,CTA AHORROS DOLARES,Cajamarca,16/12/2023,3660.0
191-10014-61,C0014,NA,Lince,05/02/2010,11371.85
191-10015-52,C0015,CTA AHORROS SOLES,La Molina,02/04/2023,8474.47
191-10016-15,C0016,CTA AHORROS DOLARES,Miraflores,15/09/2012,1492.6
191-10017-75,C0017,CTA CORRIENTE,Cajamarca,30/11/2014,9799.18
191-10018-21,C0018,NA,Surco,25/01/2024,1961.92
191-10019-34,C0019,CTA AHORROS SOLES,San Isidro,22/10/2016,5522.36
191-10020-10,C0020,CTA AHORROS DOLARES,San Isidro,21/03/2015,11891.53
191-10021-76,C0021,CTA CORRIENTE,Miraflores,28/06/2023,12821.79
191-10022-72,C0022,CTA AHORROS DOLARES,Callao,12/09/2012,14126.29
191-10023-58,C0023,CTA AHORROS DOLARES,Cajamarca,24/11/2011,13812.42
191-10024-98,C0024,CTA AHORROS DOLARES,Surco,15/09/2015,14782.67
191-10025-44,C0025,NA,Miraflores,01/04/2023,4247.51
191-10026-55,C0026,CTA AHORROS DOLARES,Callao,14/06/2024,13422.66
191-10027-38,C0027,NA,Lince,12/07/2016,4283.78
191-10028-81,C0028,CTA AHORROS DOLARES,Lince,03/08/2010,8969.81
191-10029-38,C0029,CTA CORRIENTE,La Molina,29/05/2015,14344.33
191-10030-98,C0030,CTA AHORROS DOLARES,San Isidro,09/04/2014,3035.39
191-10031-90,C0031,CTA AHORROS SOLES,San Isidro,08/07/2021,3619.63
191-10032-90,C0032,CTA AHORROS DOLARES,Surco,03/06/2023,7264.62
191-10033-12,C0033,NA,San Isidro,27/03/2022,715.59
191-10034-64,C0034,CTA AHORROS DOLARES,Cajamarca,13/10/2021,13247.06
191-10035-50,C0035,CTA AHORROS SOLES,Miraflores,11/07/2022,7443.56
191-10036-18,C0036,CTA CORRIENTE,Miraflores,11/02/2016,12533.45
191-10037-34,C0037,CTA AHORROS DOLARES,Cajamarca,04/07/2018,1108.39
191-10038-16,C0038,NA,Miraflores,23/02/2014,4645.63
191-10039-74,C0039,CTA AHORROS DOLARES,San Isidro,27/01/2012,11680.11
191-10040-70,C0040,CTA AHORROS DOLARES,Cajamarca,16/02/2012,12229.14
191-10041-53,C0041,NA,San Isidro,26/06/2024,2741.76
191-10042-92,C0042,NA,Cajamarca,10/03/2017,10060.85
191-10043-51,C0043,CTA CORRIENTE,Lince,27/06/2019,6913.76
191-10044-62,C0044,CTA AHORROS SOLES,Miraflores,13/11/2015,8668.41
191-10045-18,C0045,NA,Callao,30/09/2015,10344.69
191-10046-50,C0046,CTA AHORROS SOLES,San Isidro,06/07/2021,3801.08
191-10047-68,C0047,CTA AHORROS SOLES,Miraflores,01/06/2014,14905.34
191-10048-32,C0048,CTA AHORROS SOLES,Surco,05/11/2022,14889.21
191-10049-37,C0049,CTA AHORROS DOLARES,Cajamarca,13/10/2012,8024.83
191-10050-56,C0050,NA,Miraflores,01/01/2024,11535.04
191-10051-29,C0051,CTA AHORROS DOLARES,Cajamarca,01/02/2019,9035.96
191-10052-74,C0052,CTA AHORROS SOLES,Callao,06/04/2012,12478.2
191-10053-17,C0053,CTA AHORROS SOLES,Miraflores,20/09/2012,8569.41
191-10054-95,C0054,NA,La Molina,06/09/2015,10539.35
191-10055-21,C0055,CTA CORRIENTE,San Isidro,04/06/2010,13614.17
191-10056-22,C0056,CTA CORRIENTE,Miraflores,26/10/2010,14329.96
191-10057-11,C0057,CTA AHORROS SOLES,San Isidro,30/11/2016,11612.45
191-10058-89,C0058,CTA AHORROS SOLES,Cajamarca,27/09/2013,13728.0
191-10059-29,C0059,CTA AHORROS SOLES,Miraflores,17/03/2017,8091.85
191-10060-62,C0060,CTA AHORROS SOLES,La Molina,01/09/2014,11486.17
191-10061-43,C0061,CTA CORRIENTE,Callao,08/04/2022,753.39
191-10062-96,C0062,CTA AHORROS SOLES,Lince,10/03/2015,12296.09
191-10063-97,C0063,CTA AHORROS SOLES,La Molina,24/06/2014,2558.05
191-10064-60,C0064,NA,Surco,03/08/2015,9125.59
191-10065-42,C0065,CTA CORRIENTE,Miraflores,14/08/2016,2138.12
191-10066-78,C0066,NA,Cajamarca,29/10/2021,896.37
191-10067-35,C0067,NA,Cajamarca,28/04/2024,1085.36
191-10068-81,C0068,NA,La Molina,25/08/2020,8326.66
191-10069-55,C0069,CTA AHORROS SOLES,San Isidro,02/10/2024,14123.32
191-10070-79,C0070,CTA CORRIENTE,Cajamarca,14/08/2011,10248.85
191-10071-19,C0071,CTA CORRIENTE,San Isidro,04/03/2011,11587.77
191-10072-72,C0072,NA,Callao,27/01/2011,4995.42
191-10073-44,C0073,CTA CORRIENTE,La Molina,26/04/2020,9983.65
191-10074-84,C0074,NA,Callao,04/08/2017,10107.64
191-10075-31,C0075,CTA AHORROS DOLARES,Cajamarca,11/07/2024,3845.07
191-10076-39,C0076,CTA AHORROS DOLARES,San Isidro,28/04/2010,9696.48
191-10077-24,C0077,NA,La Molina,07/12/2014,3478.49
191-10078-69,C0078,CTA CORRIENTE,Surco,06/04/2017,1167.72
191-10079-40,C0079,NA,Cajamarca,02/10/2016,8768.38
191-10080-53,C0080,CTA AHORROS SOLES,La Molina,23/06/2016,7799.88
191-10081-97,C0081,NA,Cajamarca,07/09/2016,10148.24
191-10082-81,C0082,NA,Surco,12/01/2024,1340.55
191-10083-65,C0083,NA,San Isidro,26/06/2023,2866.33
191-10084-69,C0084,CTA AHORROS DOLARES,Surco,31/03/2022,7959.21
191-10085-60,C0085,CTA AHORROS DOLARES,La Molina,21/04/2016,9274.37
191-10086-41,C0086,CTA AHORROS DOLARES,Callao,21/05/2011,4164.5
191-10087-75,C0087,NA,Cajamarca,24/06/2019,1152.29
191-10088-76,C0088,CTA AHORROS DOLARES,Callao,31/03/2020,10233.56
191-10089-72,C0089,CTA AHORROS SOLES,Cajamarca,28/09/2012,14126.91
191-10090-26,C0090,CTA CORRIENTE,Lince,08/06/2013,3649.05
191-10091-44,C0091,CTA CORRIENTE,Lince,27/01/2018,11391.67
191-10092-72,C0092,CTA CORRIENTE,San Isidro,22/11/2018,12774.25
191-10093-61,C0093,CTA CORRIENTE,Callao,18/03/2014,2050.67
191-10094-91,C0094,CTA AHORROS SOLES,Miraflores,01/03/2014,13795.11
191-10095-57,C0095,CTA AHORROS DOLARES,Lince,31/01/2011,1738.3
191-10096-12,C0096,CTA AHORROS SOLES,Miraflores,17/07/2010,586.68
191-10097-96,C0097,CTA CORRIENTE,Miraflores,15/01/2022,1211.91
191-10098-25,C0098,CTA AHORROS DOLARES,Cajamarca,19/08/2024,9259.08
191-10099-11,C0099,CTA CORRIENTE,Lince,09/12/2023,7548.66
191-10100-67,C0100,CTA AHORROS DOLARES,San Isidro,24/01/2018,14572.87
191-10101-69,C0101,NA,Callao,22/05/2020,12343.52
191-10102-82,C0102,CTA AHORROS DOLARES,Miraflores,30/08/2024,733.26
191-10103-21,C0103,CTA AHORROS SOLES,Callao,19/09/2017,2489.82
191-10104-52,C0104,NA,Cajamarca,05/03/2022,12788.78
191-10105-50,C0105,CTA AHORROS DOLARES,Miraflores,01/06/2012,13681.76
191-10106-52,C0106,CTA CORRIENTE,Lince,23/09/2022,10563.09
191-10107-79,C0107,NA,Surco,26/12/2020,2383.43
191-10108-45,C0108,CTA AHORROS SOLES,Surco,01/05/2010,14281.75
191-10109-74,C0109,CTA AHORROS DOLARES,Miraflores,04/11/2015,12541.53
191-10110-84,C0110,CTA AHORROS DOLARES,Lince,06/07/2018,13131.98
191-10111-40,C0111,CTA AHORROS SOLES,San Isidro,02/12/2010,6231.23
191-10112-80,C0112,CTA CORRIENTE,Callao,30/05/2012,12632.48
191-10113-26,C0113,NA,Lince,15/09/2020,7764.26
191-10114-59,C0114,NA,San Isidro,23/08/2016,4243.86
191-10115-61,C0115,CTA AHORROS DOLARES,Miraflores,10/03/2016,9109.0
191-10116-81,C0116,CTA AHORROS DOLARES,Callao,05/02/2019,8255.61
191-10117-15,C0117,NA,Miraflores,06/05/2016,11553.44
191-10118-42,C0118,NA,Cajamarca,11/01/2018,13714.16
191-10119-12,C0119,CTA CORRIENTE,La Molina,12/11/2010,3846.73
191-10120-45,C0120,CTA AHORROS SOLES,Cajamarca,06/10/2021,12679.53
191-10121-85,C0121,CTA AHORROS DOLARES,Lince,19/10/2023,4449.88
191-10122-27,C0122,CTA CORRIENTE,La Molina,22/07/2021,14466.35
191-10123-93,C0123,CTA AHORROS SOLES,La Molina,24/11/2017,7100.82
191-10124-90,C0124,CTA AHORROS DOLARES,San Isidro,04/10/2021,13539.01
191-10125-25,C0125,NA,Callao,12/09/2015,14294.42
191-10126-93,C0126,NA,La Molina,08/10/2016,9893.87
191-10127-62,C0127,CTA AHORROS DOLARES,Cajamarca,07/05/2020,785.46
191-10128-71,C0128,CTA AHORROS SOLES,Cajamarca,21/10/2015,3974.74
191-10129-83,C0129,CTA AHORROS DOLARES,Miraflores,30/10/2017,2700.34
191-10130-80,C0130,CTA AHORROS DOLARES,Lince,20/10/2013,13175.37
191-10131-71,C0131,NA,Surco,10/02/2020,12125.98
191-10132-89,C0132,CTA AHORROS DOLARES,San Isidro,31/03/2013,10536.24
191-10133-85,C0133,CTA AHORROS DOLARES,La Molina,19/09/2014,4699.63
191-10134-41,C0134,NA,Surco,05/11/2019,8943.1
191-10135-50,C0135,NA,San Isidro,01/11/2022,12186.64
191-10136-48,C0136,CTA AHORROS SOLES,Surco,01/03/2024,11067.01
191-10137-96,C0137,NA,San Isidro,23/03/2017,7617.19
191-10138-65,C0138,CTA AHORROS SOLES,Cajamarca,29/11/2015,12591.72
191-10139-49,C0139,CTA AHORROS DOLARES,Surco,29/03/2012,6010.89
191-10140-91,C0140,CTA CORRIENTE,Miraflores,16/10/2020,8433.01
191-10141-59,C0141,CTA AHORROS DOLARES,La Molina,19/06/2018,14437.66
191-10142-40,C0142,NA,Callao,16/06/2018,6319.02
191-10143-42,C0143,CTA CORRIENTE,La Molina,11/01/2014,9580.94
191-10144-32,C0144,CTA AHORROS DOLARES,La Molina,19/11/2011,11350.79
191-10145-36,C0145,CTA CORRIENTE,San Isidro,01/11/2010,9940.07
191-10146-48,C0146,CTA CORRIENTE,Lince,28/04/2023,13095.66
191-10147-39,C0147,CTA AHORROS SOLES,Surco,01/05/2015,8562.79
191-10148-13,C0148,NA,Cajamarca,17/01/2021,6098.53
191-10149-37,C0149,CTA AHORROS DOLARES,San Isidro,02/08/2013,4266.91
191-10150-41,C0150,CTA AHORROS DOLARES,Callao,05/03/2020,13982.16
191-10151-99,C0151,NA,Miraflores,20/01/2024,6638.85
191-10152-62,C0152,CTA AHORROS SOLES,La Molina,27/01/2020,13574.5
191-10153-31,C0153,NA,Lince,18/09/2023,7969.28
191-10154-99,C0154,CTA AHORROS SOLES,San Isidro,03/11/2016,935.23
191-10155-86,C0155,NA,La Molina,30/07/2013,14551.57
191-10156-61,C0156,CTA CORRIENTE,Cajamarca,10/12/2020,14838.88
191-10157-48,C0157,CTA CORRIENTE,Miraflores,06/01/2016,2025.88
191-10158-28,C0158,NA,Surco,20/07/2011,1598.81
191-10159-91,C0159,NA,San Isidro,01/11/2016,13649.66
191-10160-22,C0160,CTA CORRIENTE,La Molina,22/10/2016,1765.8
191-10161-13,C0161,NA,Lince,31/07/2010,5435.93
191-10162-20,C0162,CTA AHORROS DOLARES,Surco,15/09/2015,9995.86
191-10163-70,C0163,NA,San Isidro,22/05/2018,12151.51
191-10164-64,C0164,CTA AHORROS DOLARES,San Isidro,17/09/2016,2822.23
191-10165-33,C0165,NA,Surco,25/08/2024,4419.53
191-10166-66,C0166,CTA AHORROS SOLES,Surco,09/09/2016,13823.08
191-10167-29,C0167,CTA AHORROS DOLARES,Lince,23/07/2015,11704.65
191-10168-89,C0168,CTA AHORROS SOLES,Callao,13/11/2014,7896.88
191-10169-88,C0169,CTA CORRIENTE,Miraflores,29/07/2022,13129.4
191-10170-96,C0170,CTA AHORROS SOLES,Cajamarca,12/04/2018,1369.93
191-10171-41,C0171,CTA AHORROS DOLARES,Lince,11/11/2017,1990.96
191-10172-98,C0172,CTA AHORROS SOLES,La Molina,05/10/2023,9319.08
191-10173-31,C0173,CTA AHORROS SOLES,Surco,05/08/2018,11021.37
191-10174-19,C0174,CTA AHORROS SOLES,Surco,18/11/2021,4516.23
191-10175-74,C0175,NA,Lince,31/10/2015,552.31
191-10176-84,C0176,NA,Callao,02/07/2020,836.44
191-10177-11,C0177,CTA AHORROS DOLARES,Miraflores,17/12/2020,3863.73
191-10178-35,C0178,CTA AHORROS SOLES,San Isidro,06/05/2015,4868.65
191-10179-60,C0179,CTA CORRIENTE,Surco,09/01/2014,2105.9
191-10180-53,C0180,CTA CORRIENTE,San Isidro,16/09/2011,13954.58
191-10181-32,C0181,CTA CORRIENTE,Miraflores,07/11/2010,8342.48
191-10182-63,C0182,NA,Cajamarca,29/03/2023,794.44
191-10183-59,C0183,NA,Lince,20/08/2011,920.75
191-10184-26,C0184,CTA CORRIENTE,Cajamarca,30/11/2016,642.1
191-10185-54,C0185,CTA AHORROS SOLES,Surco,02/12/2024,13901.24
191-10186-11,C0186,NA,Surco,06/08/2019,5114.25
191-10187-77,C0187,CTA AHORROS DOLARES,Callao,29/12/2022,8784.36
191-10188-29,C0188,NA,Cajamarca,09/06/2019,1466.57
191-10189-44,C0189,CTA AHORROS DOLARES,Cajamarca,12/07/2018,12238.43
191-10190-84,C0190,CTA CORRIENTE,Miraflores,09/01/2010,6484.57
191-10191-78,C0191,CTA AHORROS DOLARES,Lince,11/10/2023,14840.82
191-10192-44,C0192,CTA CORRIENTE,Surco,14/11/2011,11946.06
191-10193-54,C0193,CTA AHORROS DOLARES,Surco,08/09/2012,9578.65
191-10194-71,C0194,CTA AHORROS SOLES,Lince,19/11/2021,3801.02
191-10195-66,C0195,CTA CORRIENTE,San Isidro,30/10/2023,9232.04
191-10196-92,C0196,CTA AHORROS DOLARES,Surco,17/10/2023,12931.98
191-10197-39,C0197,CTA AHORROS DOLARES,Surco,02/07/2021,11202.49
191-10198-82,C0198,CTA CORRIENTE,Surco,26/01/2024,1624.6
191-10199-19,C0199,NA,Miraflores,13/02/2014,6962.64
191-10200-96,C0200,NA,Cajamarca,26/01/2022,2926.89
191-10201-97,C0201,CTA AHORROS DOLARES,Cajamarca,07/04/2014,11740.57
191-10202-58,C0202,CTA AHORROS SOLES,Cajamarca,21/11/2017,6342.03
191-10203-54,C0203,NA,Cajamarca,15/11/2010,8072.68
191-10204-36,C0204,CTA AHORROS DOLARES,Cajamarca,04/05/2020,7727.36
191-10205-30,C0205,CTA CORRIENTE,San Isidro,05/07/2016,1907.54
191-10206-41,C0206,CTA AHORROS DOLARES,Miraflores,10/04/2020,1341.05
191-10207-58,C0207,CTA AHORROS DOLARES,Surco,09/04/2018,11078.18
191-10208-88,C0208,CTA AHORROS SOLES,Lince,09/11/2024,11751.61
191-10209-62,C0209,CTA CORRIENTE,La Molina,18/04/2015,9929.45
191-10210-91,C0210,CTA AHORROS SOLES,Cajamarca,07/03/2023,13579.5
191-10211-40,C0211,CTA CORRIENTE,San Isidro,19/09/2024,2038.67
191-10212-57,C0212,CTA AHORROS DOLARES,Miraflores,01/02/2017,1550.88
191-10213-78,C0213,CTA CORRIENTE,Callao,16/04/2010,14421.7
191-10214-73,C0214,NA,Callao,03/10/2016,11004.93
191-10215-58,C0215,NA,San Isidro,05/10/2016,11806.7
191-10216-23,C0216,CTA AHORROS SOLES,Surco,29/04/2019,10368.57
191-10217-95,C0217,CTA CORRIENTE,Miraflores,14/08/2019,1688.92
191-10218-42,C0218,CTA AHORROS DOLARES,Lince,25/01/2011,7010.89
191-10219-37,C0219,CTA AHORROS DOLARES,La Molina,17/06/2021,2328.82
191-10220-11,C0220,CTA CORRIENTE,Lince,20/12/2015,3124.18
191-10221-48,C0221,CTA AHORROS DOLARES,Surco,26/04/2018,796.25
191-10222-50,C0222,CTA CORRIENTE,Miraflores,25/12/2010,13526.82
191-10223-70,C0223,CTA CORRIENTE,Cajamarca,19/04/2012,12299.65
191-10224-56,C0224,CTA CORRIENTE,San Isidro,14/02/2021,2397.07
191-10225-40,C0225,CTA CORRIENTE,Cajamarca,25/01/2022,13718.12
191-10226-13,C0226,CTA AHORROS SOLES,Miraflores,03/10/2021,5560.58
191-10227-63,C0227,NA,Miraflores,22/10/2018,8159.99
191-10228-71,C0228,CTA AHORROS SOLES,San Isidro,25/06/2024,2213.82
191-10229-37,C0229,NA,Miraflores,15/08/2013,889.7
191-10230-79,C0230,CTA AHORROS DOLARES,Cajamarca,22/06/2023,14974.9
191-10231-61,C0231,NA,San Isidro,20/07/2013,13924.94
191-10232-51,C0232,CTA CORRIENTE,Lince,01/03/2016,10569.34
191-10233-46,C0233,CTA AHORROS DOLARES,Surco,31/03/2024,5328.9
191-10234-27,C0234,CTA AHORROS DOLARES,San Isidro,22/07/2023,8026.13
191-10235-89,C0235,NA,Lince,07/06/2018,2117.62
191-10236-66,C0236,CTA AHORROS DOLARES,La Molina,04/03/2015,4078.87
191-10237-85,C0237,NA,San Isidro,06/02/2023,9298.9
191-10238-43,C0238,CTA AHORROS DOLARES,Callao,21/03/2014,1775.89
191-10239-76,C0239,NA,Callao,01/05/2018,8059.45
191-10240-16,C0240,CTA CORRIENTE,Cajamarca,09/09/2021,2081.14
191-10241-74,C0241,NA,San Isidro,28/01/2017,9031.83
191-10242-67,C0242,CTA AHORROS SOLES,La Molina,05/07/2023,11069.68
191-10243-84,C0243,CTA AHORROS DOLARES,Surco,16/04/2022,4793.07
191-10244-90,C0244,CTA AHORROS DOLARES,Cajamarca,24/08/2024,13447.58
191-10245-72,C0245,CTA AHORROS DOLARES,Cajamarca,27/06/2014,3558.47
191-10246-37,C0246,CTA AHORROS SOLES,Cajamarca,31/12/2014,4823.75
191-10247-44,C0247,CTA CORRIENTE,Callao,16/11/2019,13390.97
191-10248-39,C0248,CTA AHORROS SOLES,San Isidro,13/09/2016,11863.28
191-10249-61,C0249,CTA AHORROS SOLES,San Isidro,23/05/2016,13060.18
191-10250-87,C0250,CTA CORRIENTE,Callao,31/01/2011,14792.6
191-10251-76,C0251,NA,San Isidro,01/07/2018,7110.81
191-10252-85,C0252,CTA AHORROS DOLARES,Cajamarca,30/09/2015,6904.64
191-10253-91,C0253,NA,Lince,08/12/2022,866.05
191-10254-55,C0254,NA,Miraflores,31/12/2011,2030.48
191-10255-65,C0255,CTA AHORROS DOLARES,San Isidro,10/10/2024,5609.58
191-10256-40,C0256,CTA CORRIENTE,La Molina,12/04/2023,14115.56
191-10257-26,C0257,CTA AHORROS SOLES,La Molina,20/10/2015,6817.92
191-10258-95,C0258,CTA AHORROS DOLARES,Miraflores,01/01/2019,10284.64
191-10259-75,C0259,CTA AHORROS SOLES,Lince,13/04/2020,14123.38
191-10260-77,C0260,CTA AHORROS DOLARES,Miraflores,13/03/2023,14029.85
191-10261-54,C0261,NA,Miraflores,19/05/2017,13687.56
191-10262-54,C0262,CTA CORRIENTE,Surco,17/06/2024,3505.04
191-10263-90,C0263,CTA AHORROS DOLARES,Callao,17/09/2020,12930.23
191-10264-44,C0264,CTA CORRIENTE,Miraflores,25/04/2018,12533.4
191-10265-32,C0265,CTA AHORROS DOLARES,La Molina,04/10/2021,5229.47
191-10266-33,C0266,NA,Lince,20/07/2012,4086.12
191-10267-48,C0267,CTA AHORROS SOLES,Lince,05/01/2015,6430.88
191-10268-94,C0268,CTA CORRIENTE,Callao,14/11/2015,917.48
191-10269-93,C0269,CTA AHORROS DOLARES,Lince,25/03/2017,14918.26
191-10270-61,C0270,NA,La Molina,04/06/2018,2579.38
191-10271-34,C0271,NA,San Isidro,23/08/2013,4833.24
191-10272-13,C0272,CTA AHORROS DOLARES,Cajamarca,08/03/2023,5802.18
191-10273-44,C0273,NA,Lince,26/05/2024,4113.19
191-10274-51,C0274,CTA AHORROS DOLARES,Surco,07/01/2022,14064.95
191-10275-17,C0275,CTA AHORROS SOLES,Miraflores,08/01/2023,10367.91
191-10276-41,C0276,NA,Miraflores,26/11/2017,11536.72
191-10277-93,C0277,CTA AHORROS DOLARES,San Isidro,09/09/2020,2964.91
191-10278-51,C0278,CTA AHORROS DOLARES,Miraflores,02/12/2021,2048.22
191-10279-65,C0279,CTA CORRIENTE,La Molina,23/04/2017,10412.16
191-10280-76,C0280,NA,Miraflores,13/04/2016,6449.21
191-10281-41,C0281,CTA AHORROS SOLES,Callao,24/03/2013,4301.76
191-10282-51,C0282,CTA AHORROS DOLARES,San Isidro,14/03/2022,2984.92
191-10283-83,C0283,CTA AHORROS DOLARES,Miraflores,13/06/2017,6567.95
191-10284-77,C0284,NA,Miraflores,16/08/2018,13489.42
191-10285-94,C0285,NA,Callao,09/11/2019,9058.66
191-10286-76,C0286,CTA AHORROS SOLES,San Isidro,13/05/2024,7586.47
191-10287-78,C0287,CTA AHORROS SOLES,Callao,17/01/2010,1633.74
191-10288-93,C0288,NA,Cajamarca,07/02/2013,9836.08
191-10289-76,C0289,CTA CORRIENTE,Callao,12/11/2024,14630.95
191-10290-91,C0290,NA,La Molina,12/04/2021,8414.65
191-10291-67,C0291,CTA CORRIENTE,Surco,26/03/2022,10082.4
191-10292-42,C0292,NA,Cajamarca,08/03/2015,4859.24
191-10293-22,C0293,CTA AHORROS SOLES,Miraflores,19/01/2022,9482.59
191-10294-17,C0294,CTA AHORROS SOLES,Lince,12/03/2013,8268.41
191-10295-20,C0295,CTA CORRIENTE,Miraflores,22/04/2024,6577.9
191-10296-77,C0296,NA,Miraflores,01/12/2015,2117.66
191-10297-92,C0297,CTA CORRIENTE,Cajamarca,12/12/2021,9289.16
191-10298-81,C0298,NA,Cajamarca,14/08/2020,9546.34
191-10299-31,C0299,CTA AHORROS SOLES,Surco,16/05/2023,8309.05
191-10300-72,C0300,CTA AHORROS DOLARES,San Isidro,10/09/2022,10631.13
191-10301-23,C0301,CTA CORRIENTE,Callao,24/03/2024,5338.17
191-10302-32,C0302,NA,La Molina,18/03/2024,2203.34
191-10303-84,C0303,NA,Surco,29/03/2011,9843.55
191-10304-28,C0304,NA,Cajamarca,05/04/2019,4089.38
191-10305-77,C0305,NA,Miraflores,22/11/2015,11683.49
191-10306-98,C0306,CTA CORRIENTE,Miraflores,19/07/2014,10246.22
191-10307-66,C0307,CTA AHORROS DOLARES,San Isidro,30/06/2022,4456.4
191-10308-51,C0308,CTA AHORROS DOLARES,San Isidro,08/01/2024,13416.76
191-10309-66,C0309,CTA AHORROS SOLES,Surco,13/06/2024,7786.5
191-10310-46,C0310,CTA AHORROS DOLARES,Lince,11/09/2021,2149.76
191-10311-91,C0311,CTA AHORROS DOLARES,San Isidro,09/01/2012,14694.7
191-10312-34,C0312,NA,Surco,05/06/2020,9650.16
191-10313-42,C0313,CTA CORRIENTE,Callao,13/06/2016,11375.14
191-10314-83,C0314,CTA AHORROS SOLES,Surco,19/09/2014,1859.6
191-10315-59,C0315,CTA AHORROS SOLES,Surco,07/06/2016,1864.73
191-10316-28,C0316,NA,Lince,24/03/2017,9777.41
191-10317-98,C0317,NA,Lince,19/08/2017,14208.24
191-10318-40,C0318,NA,Lince,06/10/2015,14997.03
191-10319-24,C0319,CTA CORRIENTE,Lince,28/06/2014,14768.71
191-10320-24,C0320,CTA CORRIENTE,San Isidro,04/04/2013,1686.89
191-10321-75,C0321,CTA AHORROS DOLARES,Callao,05/01/2024,8884.94
191-10322-33,C0322,CTA CORRIENTE,Lince,18/07/2014,2978.27
191-10323-50,C0323,CTA CORRIENTE,Lince,12/10/2017,5487.58
191-10324-19,C0324,CTA AHORROS SOLES,La Molina,18/07/2022,8804.14
191-10325-56,C0325,CTA AHORROS DOLARES,Lince,07/03/2013,8646.5
191-10326-52,C0326,CTA AHORROS SOLES,Lince,18/09/2018,1409.66
191-10327-50,C0327,CTA AHORROS DOLARES,Surco,30/10/2024,14319.73
191-10328-26,C0328,CTA CORRIENTE,Surco,24/04/2024,6059.41
191-10329-74,C0329,CTA AHORROS SOLES,Callao,28/07/2014,10077.77
191-10330-41,C0330,CTA AHORROS SOLES,San Isidro,14/05/2013,9677.66
191-10331-47,C0331,CTA CORRIENTE,San Isidro,08/01/2019,2058.84
191-10332-42,C0332,CTA AHORROS SOLES,La Molina,13/01/2016,10151.44
191-10333-87,C0333,CTA AHORROS SOLES,Surco,07/02/2017,12816.93
191-10334-89,C0334,CTA AHORROS DOLARES,Miraflores,18/11/2010,12279.42
191-10335-77,C0335,CTA CORRIENTE,Miraflores,24/04/2016,12076.55
191-10336-21,C0336,CTA AHORROS DOLARES,Miraflores,15/04/2010,3327.61
191-10337-22,C0337,NA,Callao,11/03/2016,5870.55
191-10338-66,C0338,CTA AHORROS DOLARES,Surco,30/06/2024,2818.54
191-10339-54,C0339,CTA AHORROS DOLARES,Cajamarca,20/06/2024,6208.08
191-10340-33,C0340,NA,Miraflores,15/10/2020,9752.16
191-10341-21,C0341,CTA AHORROS SOLES,Miraflores,04/11/2019,3669.07
191-10342-98,C0342,CTA AHORROS SOLES,La Molina,15/03/2021,12003.65
191-10343-38,C0343,CTA AHORROS SOLES,La Molina,17/10/2014,14934.58
191-10344-16,C0344,CTA AHORROS SOLES,San Isidro,16/07/2014,2856.4
191-10345-49,C0345,CTA CORRIENTE,Cajamarca,02/08/2012,10276.18
191-10346-49,C0346,NA,Lince,02/12/2017,12227.05
191-10347-59,C0347,CTA AHORROS SOLES,Lince,27/04/2012,9791.64
191-10348-93,C0348,NA,Surco,17/02/2018,8284.7
191-10349-39,C0349,CTA CORRIENTE,Lince,23/11/2024,3432.75
191-10350-60,C0350,NA,Surco,07/12/2017,10159.4
191-10351-42,C0351,CTA CORRIENTE,Lince,27/08/2013,12619.29
191-10352-38,C0352,NA,La Molina,10/07/2010,4384.91
191-10353-15,C0353,CTA CORRIENTE,Lince,25/02/2024,5522.92
191-10354-58,C0354,CTA AHORROS DOLARES,Lince,22/09/2011,11520.35
191-10355-53,C0355,NA,Miraflores,07/07/2024,6813.52
191-10356-56,C0356,CTA AHORROS DOLARES,La Molina,13/04/2010,1630.98
191-10357-78,C0357,CTA AHORROS SOLES,Lince,04/10/2021,1766.27
191-10358-61,C0358,CTA AHORROS DOLARES,Cajamarca,02/11/2024,3308.3
191-10359-26,C0359,CTA CORRIENTE,Miraflores,10/04/2015,8543.2
191-10360-52,C0360,CTA AHORROS SOLES,Miraflores,18/01/2012,2633.16
191-10361-62,C0361,NA,La Molina,10/11/2011,8187.79
191-10362-84,C0362,CTA AHORROS DOLARES,Lince,10/11/2011,12407.84
191-10363-21,C0363,NA,La Molina,19/04/2020,1086.1
191-10364-74,C0364,CTA CORRIENTE,Cajamarca,25/09/2019,8250.32
191-10365-65,C0365,NA,Lince,10/02/2010,9787.3
191-10366-45,C0366,CTA CORRIENTE,Surco,16/11/2021,14046.71
191-10367-22,C0367,CTA CORRIENTE,Surco,02/07/2024,2636.15
191-10368-68,C0368,CTA CORRIENTE,Cajamarca,03/04/2013,9215.43
191-10369-14,C0369,CTA CORRIENTE,La Molina,03/11/2017,6278.54
191-10370-45,C0370,NA,San Isidro,25/08/2010,10437.29
191-10371-22,C0371,NA,Surco,02/04/2019,14494.74
191-10372-62,C0372,NA,Lince,13/07/2017,13842.07
191-10373-40,C0373,NA,La Molina,16/12/2011,14174.62
191-10374-12,C0374,NA,Cajamarca,17/04/2011,7824.04
191-10375-44,C0375,NA,Lince,29/03/2020,3523.83
191-10376-73,C0376,CTA AHORROS SOLES,Cajamarca,17/12/2017,8036.54
191-10377-50,C0377,CTA CORRIENTE,Surco,15/04/2024,13945.57
191-10378-23,C0378,CTA AHORROS SOLES,Miraflores,12/01/2020,13196.21
191-10379-30,C0379,CTA AHORROS DOLARES,Miraflores,25/06/2020,7370.52
191-10380-86,C0380,CTA AHORROS SOLES,Surco,14/03/2020,14085.9
191-10381-47,C0381,CTA AHORROS DOLARES,Lince,07/12/2024,8513.7
191-10382-80,C0382,CTA CORRIENTE,Cajamarca,11/04/2011,1587.43
191-10383-15,C0383,CTA CORRIENTE,Miraflores,06/03/2014,3312.57
191-10384-26,C0384,CTA AHORROS DOLARES,Surco,12/05/2021,12912.1
191-10385-55,C0385,CTA AHORROS DOLARES,Callao,09/05/2019,1702.83
191-10386-13,C0386,CTA CORRIENTE,Lince,08/08/2018,1826.82
191-10387-49,C0387,CTA CORRIENTE,Miraflores,03/01/2016,7155.65
191-10388-92,C0388,CTA CORRIENTE,Miraflores,04/05/2020,3857.94
191-10389-43,C0389,CTA AHORROS DOLARES,Surco,14/07/2022,1815.53
191-10390-55,C0390,CTA CORRIENTE,Cajamarca,24/01/2019,7502.15
191-10391-10,C0391,NA,San Isidro,24/07/2010,8070.01
191-10392-59,C0392,CTA AHORROS DOLARES,Miraflores,10/08/2024,11904.92
191-10393-91,C0393,CTA AHORROS DOLARES,Surco,30/10/2017,1390.16
191-10394-60,C0394,CTA AHORROS SOLES,Lince,08/02/2016,9547.56
191-10395-13,C0395,CTA AHORROS DOLARES,La Molina,27/05/2021,3797.39
191-10396-25,C0396,CTA CORRIENTE,La Molina,29/09/2018,14342.53
191-10397-44,C0397,NA,Surco,30/01/2020,10794.2
191-10398-94,C0398,CTA AHORROS DOLARES,La Molina,07/03/2016,14863.55
191-10399-22,C0399,NA,Miraflores,13/09/2018,1646.71
191-10400-61,C0400,CTA AHORROS SOLES,San Isidro,27/09/2018,14703.54
191-10401-18,C0401,CTA AHORROS DOLARES,Surco,16/02/2013,4303.93
191-10402-45,C0402,CTA AHORROS SOLES,Miraflores,17/04/2015,3927.52
191-10403-86,C0403,CTA CORRIENTE,San Isidro,26/09/2018,3551.36
191-10404-22,C0404,CTA CORRIENTE,Surco,13/07/2020,2843.87
191-10405-94,C0405,NA,Surco,02/03/2012,14462.22
191-10406-93,C0406,CTA CORRIENTE,Cajamarca,13/06/2016,9792.33
191-10407-92,C0407,CTA AHORROS DOLARES,La Molina,26/03/2011,3370.56
191-10408-15,C0408,CTA AHORROS DOLARES,La Molina,15/10/2021,4227.99
191-10409-53,C0409,NA,Callao,16/10/2016,11747.12
191-10410-31,C0410,CTA AHORROS DOLARES,Cajamarca,01/11/2015,6354.58
191-10411-70,C0411,CTA AHORROS SOLES,Lince,10/08/2021,4770.17
191-10412-39,C0412,CTA AHORROS DOLARES,Cajamarca,15/03/2022,13193.15
191-10413-81,C0413,NA,Lince,04/06/2012,2744.32
191-10414-51,C0414,CTA AHORROS DOLARES,La Molina,17/08/2012,8187.35
191-10415-25,C0415,CTA AHORROS DOLARES,Callao,15/09/2011,11375.53
191-10416-99,C0416,NA,La Molina,24/12/2017,4302.46
191-10417-98,C0417,CTA AHORROS SOLES,Lince,10/02/2013,12418.29
191-10418-50,C0418,NA,La Molina,09/01/2017,7810.53
191-10419-59,C0419,CTA AHORROS SOLES,La Molina,05/07/2010,8885.02
191-10420-79,C0420,CTA AHORROS DOLARES,Callao,12/06/2024,1808.62
191-10421-94,C0421,CTA CORRIENTE,Cajamarca,28/11/2012,8992.45
191-10422-35,C0422,CTA CORRIENTE,Lince,31/08/2012,723.55
191-10423-22,C0423,CTA CORRIENTE,Callao,28/10/2023,1222.95
191-10424-97,C0424,CTA AHORROS SOLES,Callao,11/07/2023,7721.26
191-10425-92,C0425,CTA AHORROS DOLARES,Surco,01/11/2022,8674.72
191-10426-58,C0426,CTA CORRIENTE,Callao,08/12/2018,10141.52
191-10427-45,C0427,NA,San Isidro,31/01/2022,11429.65
191-10428-73,C0428,CTA AHORROS DOLARES,Callao,28/10/2012,14605.35
191-10429-52,C0429,NA,La Molina,08/11/2013,5633.69
191-10430-18,C0430,CTA AHORROS SOLES,Miraflores,10/09/2010,4899.15
191-10431-93,C0431,CTA AHORROS SOLES,Miraflores,01/11/2018,5831.46
191-10432-65,C0432,CTA CORRIENTE,Callao,11/08/2017,4267.07
191-10433-97,C0433,CTA AHORROS SOLES,La Molina,20/05/2017,8813.84
191-10434-44,C0434,NA,Lince,09/07/2011,9175.09
191-10435-93,C0435,NA,Callao,18/05/2012,12942.08
191-10436-88,C0436,NA,Cajamarca,15/06/2011,927.47
191-10437-22,C0437,CTA AHORROS SOLES,Callao,20/09/2023,8289.6
191-10438-34,C0438,CTA AHORROS DOLARES,La Molina,20/09/2019,5072.81
191-10439-95,C0439,CTA AHORROS SOLES,Lince,18/09/2019,3930.59
191-10440-64,C0440,CTA AHORROS DOLARES,San Isidro,30/11/2017,4502.83
191-10441-52,C0441,CTA CORRIENTE,Surco,10/09/2012,13122.91
191-10442-38,C0442,CTA AHORROS SOLES,Miraflores,09/02/2023,12491.15
191-10443-53,C0443,CTA CORRIENTE,La Molina,11/02/2018,4079.97
191-10444-15,C0444,CTA AHORROS SOLES,Miraflores,10/09/2017,8806.09
191-10445-80,C0445,NA,La Molina,04/12/2014,3774.75
191-10446-84,C0446,NA,La Molina,13/03/2015,13975.0
191-10447-12,C0447,CTA AHORROS SOLES,Cajamarca,10/06/2017,1897.18
191-10448-24,C0448,CTA AHORROS SOLES,Cajamarca,07/08/2012,2419.76
191-10449-37,C0449,CTA CORRIENTE,Callao,10/12/2017,7218.38
191-10450-99,C0450,CTA CORRIENTE,Surco,09/02/2022,10576.86
191-10451-37,C0451,CTA AHORROS SOLES,Miraflores,24/11/2016,13320.33
191-10452-83,C0452,CTA AHORROS DOLARES,Miraflores,30/01/2017,14025.52
191-10453-82,C0453,CTA AHORROS DOLARES,Lince,25/07/2010,1182.1
191-10454-11,C0454,CTA CORRIENTE,Callao,04/11/2017,3472.96
191-10455-20,C0455,CTA AHORROS DOLARES,Surco,04/08/2021,907.93
191-10456-33,C0456,CTA AHORROS SOLES,Miraflores,30/04/2010,13622.39
191-10457-25,C0457,CTA CORRIENTE,Lince,28/07/2016,6933.23
191-10458-98,C0458,NA,Lince,22/10/2011,13573.19
191-10459-53,C0459,CTA AHORROS DOLARES,Cajamarca,24/05/2011,14387.03
191-10460-25,C0460,CTA CORRIENTE,La Molina,21/03/2020,14397.05
191-10461-71,C0461,CTA CORRIENTE,La Molina,04/04/2013,7778.8
191-10462-18,C0462,CTA CORRIENTE,Lince,26/03/2021,7087.8
191-10463-16,C0463,CTA AHORROS DOLARES,San Isidro,25/05/2017,3571.89
191-10464-22,C0464,CTA AHORROS SOLES,Callao,16/04/2013,11242.77
191-10465-10,C0465,NA,San Isidro,30/12/2023,6094.94
191-10466-28,C0466,CTA AHORROS DOLARES,Miraflores,15/02/2018,4471.93
191-10467-95,C0467,CTA AHORROS SOLES,La Molina,22/09/2017,10284.21
191-10468-15,C0468,CTA AHORROS SOLES,San Isidro,26/11/2021,12117.87
191-10469-85,C0469,CTA CORRIENTE,Surco,05/11/2024,2218.37
191-10470-43,C0470,CTA CORRIENTE,Cajamarca,28/03/2019,11488.91
191-10471-11,C0471,CTA AHORROS SOLES,La Molina,16/05/2023,10484.49
191-10472-44,C0472,NA,Cajamarca,09/04/2013,11620.26
191-10473-83,C0473,CTA AHORROS DOLARES,Miraflores,27/05/2022,3744.32
191-10474-85,C0474,NA,Surco,05/11/2018,7226.94
191-10475-48,C0475,CTA CORRIENTE,La Molina,23/04/2023,4641.34
191-10476-77,C0476,CTA AHORROS DOLARES,Miraflores,03/01/2010,1619.11
191-10477-44,C0477,CTA CORRIENTE,Callao,01/02/2021,14424.19
191-10478-31,C0478,NA,Cajamarca,09/01/2013,6758.62
191-10479-54,C0479,CTA CORRIENTE,Cajamarca,11/03/2018,12068.24
191-10480-48,C0480,CTA CORRIENTE,La Molina,24/03/2024,3551.65
191-10481-23,C0481,NA,Lince,18/10/2012,10441.46
191-10482-21,C0482,NA,San Isidro,23/02/2019,8568.15
191-10483-18,C0483,CTA CORRIENTE,Miraflores,13/07/2012,12290.3
191-10484-24,C0484,CTA CORRIENTE,Miraflores,01/02/2021,10923.7
191-10485-38,C0485,CTA AHORROS DOLARES,Surco,12/02/2017,1836.04
191-10486-70,C0486,NA,Callao,05/02/2018,4724.79
191-10487-40,C0487,CTA AHORROS DOLARES,Cajamarca,10/03/2012,12923.12
191-10488-83,C0488,CTA CORRIENTE,La Molina,19/06/2017,14584.29
191-10489-33,C0489,CTA AHORROS SOLES,Callao,07/03/2024,4251.36
191-10490-61,C0490,CTA CORRIENTE,Callao,18/10/2022,10597.18
191-10491-86,C0491,CTA AHORROS DOLARES,Lince,30/10/2024,3033.02
191-10492-63,C0492,CTA AHORROS SOLES,Lince,04/07/2014,7027.54
191-10493-28,C0493,CTA CORRIENTE,San Isidro,27/01/2017,3422.26
191-10494-10,C0494,NA,Lince,17/01/2018,8671.73
191-10495-98,C0495,CTA CORRIENTE,La Molina,27/11/2017,4923.98
191-10496-26,C0496,CTA CORRIENTE,Lince,30/10/2020,10073.8
191-10497-38,C0497,CTA CORRIENTE,La Molina,02/05/2020,6128.39
191-10498-15,C0498,CTA CORRIENTE,San Isidro,31/08/2017,3927.43
191-10499-84,C0499,CTA AHORROS DOLARES,Lince,19/08/2024,4942.73
191-10500-12,C0500,CTA AHORROS SOLES,Callao,03/03/2022,902.99
191-10501-35,C0501,NA,San Isidro,26/03/2012,4951.14
191-10502-99,C0502,CTA AHORROS DOLARES,Cajamarca,06/04/2024,9214.89
191-10503-65,C0503,CTA CORRIENTE,San Isidro,11/04/2022,9041.17
191-10504-45,C0504,CTA AHORROS SOLES,Cajamarca,08/06/2020,1574.34
191-10505-70,C0505,NA,Miraflores,07/06/2011,9165.18
191-10506-91,C0506,NA,Miraflores,13/08/2023,4291.88
191-10507-31,C0507,CTA CORRIENTE,La Molina,13/08/2022,9550.27
191-10508-82,C0508,CTA CORRIENTE,Callao,13/01/2022,7052.4
191-10509-73,C0509,NA,Surco,26/10/2013,1383.24
191-10510-19,C0510,NA,Surco,09/04/2021,3419.52
191-10511-95,C0511,CTA AHORROS DOLARES,Cajamarca,24/05/2018,14857.18
191-10512-35,C0512,NA,Lince,02/05/2021,11742.26
191-10513-48,C0513,CTA AHORROS DOLARES,Callao,01/03/2022,6942.5
191-10514-75,C0514,CTA AHORROS SOLES,Callao,19/02/2021,6879.3
191-10515-27,C0515,CTA CORRIENTE,La Molina,01/03/2012,11118.43
191-10516-10,C0516,CTA AHORROS DOLARES,Cajamarca,03/06/2022,8979.94
191-10517-71,C0517,CTA AHORROS SOLES,San Isidro,22/02/2015,4963.01
191-10518-45,C0518,NA,Miraflores,26/05/2012,9798.64
191-10519-69,C0519,CTA AHORROS SOLES,Cajamarca,24/08/2016,1170.92
191-10520-32,C0520,CTA AHORROS SOLES,Cajamarca,07/04/2014,10509.12
191-10521-43,C0521,CTA CORRIENTE,San Isidro,28/01/2018,8709.21
191-10522-11,C0522,CTA CORRIENTE,Surco,27/05/2018,6585.86
191-10523-13,C0523,CTA AHORROS SOLES,Surco,09/03/2017,13449.65
191-10524-75,C0524,CTA AHORROS SOLES,Callao,10/10/2017,9901.13
191-10525-52,C0525,CTA AHORROS SOLES,Callao,28/05/2018,9841.76
191-10526-31,C0526,NA,Callao,08/03/2023,3110.58
191-10527-62,C0527,CTA CORRIENTE,Surco,26/12/2020,10765.26
191-10528-29,C0528,CTA AHORROS SOLES,Lince,09/06/2016,8102.55
191-10529-79,C0529,CTA AHORROS DOLARES,San Isidro,20/04/2021,7501.34
191-10530-11,C0530,CTA AHORROS DOLARES,La Molina,17/09/2024,4691.47
191-10531-93,C0531,CTA AHORROS DOLARES,San Isidro,27/08/2019,2928.67
191-10532-85,C0532,CTA AHORROS DOLARES,La Molina,13/01/2021,10766.93
191-10533-23,C0533,NA,Callao,08/02/2020,13961.02
191-10534-31,C0534,NA,Surco,14/05/2019,11603.46
191-10535-59,C0535,NA,Callao,20/01/2019,2880.7
191-10536-30,C0536,CTA AHORROS DOLARES,Callao,19/12/2013,14553.75
191-10537-72,C0537,CTA AHORROS DOLARES,La Molina,04/11/2022,10431.32
191-10538-24,C0538,CTA AHORROS DOLARES,Miraflores,11/02/2018,13944.33
191-10539-97,C0539,NA,Cajamarca,29/04/2023,780.46
191-10540-99,C0540,NA,Surco,06/02/2024,9333.65
191-10541-67,C0541,NA,Lince,18/05/2014,12849.63
191-10542-17,C0542,CTA CORRIENTE,Miraflores,11/01/2018,10246.97
191-10543-21,C0543,CTA AHORROS DOLARES,La Molina,26/01/2023,10060.51
191-10544-98,C0544,CTA CORRIENTE,Lince,28/03/2022,1093.3
191-10545-93,C0545,NA,La Molina,05/02/2018,13415.52
191-10546-36,C0546,CTA AHORROS SOLES,Callao,14/03/2017,11606.41
191-10547-69,C0547,CTA AHORROS DOLARES,Cajamarca,19/01/2021,3538.98
191-10548-54,C0548,CTA AHORROS DOLARES,Miraflores,31/12/2023,2951.97
191-10549-59,C0549,CTA AHORROS SOLES,San Isidro,28/01/2015,12731.68
191-10550-83,C0550,CTA AHORROS SOLES,La Molina,01/11/2017,518.66
191-10551-99,C0551,NA,San Isidro,11/02/2021,4468.93
191-10552-45,C0552,CTA AHORROS DOLARES,Lince,25/12/2012,6771.07
191-10553-54,C0553,CTA AHORROS SOLES,Cajamarca,09/01/2019,13808.25
191-10554-93,C0554,CTA AHORROS DOLARES,Surco,03/03/2020,5956.47
191-10555-85,C0555,CTA AHORROS SOLES,San Isidro,08/11/2017,11886.87
191-10556-85,C0556,CTA AHORROS DOLARES,San Isidro,20/08/2012,8975.59
191-10557-67,C0557,NA,Callao,31/08/2022,6518.03
191-10558-89,C0558,NA,Callao,25/09/2011,12038.97
191-10559-74,C0559,CTA AHORROS SOLES,Callao,31/07/2023,3291.93
191-10560-37,C0560,CTA AHORROS SOLES,Cajamarca,04/03/2020,5891.79
191-10561-86,C0561,CTA AHORROS SOLES,Lince,19/10/2022,10796.76
191-10562-43,C0562,NA,Surco,26/01/2010,6911.3
191-10563-28,C0563,CTA AHORROS SOLES,La Molina,13/01/2016,6664.38
191-10564-65,C0564,NA,Callao,12/08/2017,4233.2
191-10565-91,C0565,CTA AHORROS SOLES,Surco,30/03/2020,9254.15
191-10566-82,C0566,CTA AHORROS DOLARES,Callao,25/06/2019,14748.64
191-10567-42,C0567,CTA AHORROS SOLES,Surco,18/01/2017,3285.26
191-10568-78,C0568,CTA CORRIENTE,Cajamarca,10/12/2015,6766.92
191-10569-59,C0569,CTA AHORROS DOLARES,La Molina,21/10/2022,7996.37
191-10570-62,C0570,CTA AHORROS SOLES,Surco,22/02/2016,6222.04
191-10571-43,C0571,NA,Miraflores,20/07/2022,10812.25
191-10572-93,C0572,NA,San Isidro,06/04/2014,4166.02
191-10573-33,C0573,CTA AHORROS SOLES,Miraflores,17/10/2019,4228.61
191-10574-83,C0574,NA,Miraflores,30/04/2018,8575.49
191-10575-50,C0575,NA,San Isidro,01/05/2020,6781.35
191-10576-18,C0576,CTA CORRIENTE,Surco,28/06/2012,4084.87
191-10577-45,C0577,NA,San Isidro,10/08/2015,4439.92
191-10578-67,C0578,CTA AHORROS SOLES,Cajamarca,13/04/2013,13789.88
191-10579-51,C0579,CTA AHORROS DOLARES,Callao,16/06/2013,10088.3
191-10580-54,C0580,CTA AHORROS DOLARES,Callao,25/03/2022,829.25
191-10581-96,C0581,CTA AHORROS DOLARES,La Molina,03/07/2016,4171.4
191-10582-21,C0582,CTA AHORROS DOLARES,Surco,01/11/2019,11592.33
191-10583-17,C0583,CTA AHORROS DOLARES,Lince,04/01/2016,10068.09
191-10584-28,C0584,CTA AHORROS DOLARES,Callao,26/02/2010,4272.63
191-10585-44,C0585,NA,Lince,12/02/2018,9084.87
191-10586-85,C0586,CTA AHORROS DOLARES,Cajamarca,03/03/2017,8413.76
191-10587-85,C0587,CTA CORRIENTE,La Molina,29/06/2012,13483.06
191-10588-51,C0588,CTA AHORROS DOLARES,Surco,31/05/2024,4044.2
191-10589-97,C0589,CTA AHORROS SOLES,Miraflores,15/04/2014,8625.01
191-10590-17,C0590,CTA CORRIENTE,Miraflores,18/07/2014,3472.11
191-10591-10,C0591,CTA AHORROS DOLARES,San Isidro,12/12/2013,9505.73
191-10592-97,C0592,CTA CORRIENTE,Callao,04/10/2015,10590.84
191-10593-18,C0593,CTA CORRIENTE,Cajamarca,24/12/2018,7819.77
191-10594-12,C0594,CTA AHORROS DOLARES,Miraflores,14/08/2021,4342.68
191-10595-65,C0595,CTA CORRIENTE,Surco,04/10/2024,2524.02
191-10596-22,C0596,CTA CORRIENTE,Lince,05/02/2017,12786.22
191-10597-27,C0597,CTA AHORROS DOLARES,Cajamarca,20/10/2013,4361.53
191-10598-97,C0598,NA,Cajamarca,08/02/2011,4844.33
191-10599-82,C0599,CTA AHORROS SOLES,La Molina,02/01/2022,4935.68
191-10600-61,C0600,CTA AHORROS DOLARES,Callao,13/06/2013,11068.89
191-10601-94,C0601,NA,Lince,25/11/2017,900.97
191-10602-80,C0602,NA,San Isidro,11/01/2010,11581.19
191-10603-23,C0603,NA,Lince,23/09/2020,13594.77
191-10604-18,C0604,CTA CORRIENTE,Lince,22/07/2022,14485.66
191-10605-12,C0605,CTA AHORROS DOLARES,Callao,15/12/2016,2425.4
191-10606-73,C0606,NA,La Molina,31/03/2011,5480.06
191-10607-70,C0607,CTA AHORROS DOLARES,Callao,31/01/2023,6442.0
191-10608-65,C0608,CTA AHORROS DOLARES,Callao,25/09/2024,6431.05
191-10609-98,C0609,CTA CORRIENTE,Cajamarca,06/05/2016,4765.41
191-10610-17,C0610,NA,San Isidro,02/09/2010,9753.24
191-10611-76,C0611,CTA CORRIENTE,Miraflores,15/10/2021,4607.94
191-10612-18,C0612,CTA CORRIENTE,Cajamarca,19/10/2023,1635.89
191-10613-99,C0613,NA,Lince,11/11/2022,4382.2
191-10614-68,C0614,NA,Callao,14/01/2024,3923.18
191-10615-27,C0615,CTA AHORROS DOLARES,La Molina,13/01/2013,3232.43
191-10616-73,C0616,NA,Lince,05/10/2017,14517.69
191-10617-80,C0617,CTA CORRIENTE,Cajamarca,14/08/2020,13357.97
191-10618-11,C0618,CTA CORRIENTE,Miraflores,04/04/2020,3167.46
191-10619-87,C0619,CTA CORRIENTE,Cajamarca,26/05/2023,6543.99
191-10620-11,C0620,CTA CORRIENTE,Surco,23/04/2015,7782.03
191-10621-62,C0621,NA,Callao,16/08/2017,14065.21
191-10622-49,C0622,CTA CORRIENTE,Callao,08/02/2017,3478.82
191-10623-46,C0623,CTA CORRIENTE,Miraflores,08/05/2023,2271.4
191-10624-67,C0624,CTA AHORROS DOLARES,Cajamarca,17/07/2013,13232.53
191-10625-81,C0625,CTA AHORROS DOLARES,La Molina,22/08/2023,5380.47
191-10626-21,C0626,NA,La Molina,20/04/2021,7501.58
191-10627-53,C0627,CTA AHORROS DOLARES,Surco,23/12/2023,3029.29
191-10628-33,C0628,CTA AHORROS DOLARES,Surco,03/02/2018,8869.09
191-10629-42,C0629,CTA CORRIENTE,La Molina,01/01/2021,9576.94
191-10630-85,C0630,CTA AHORROS DOLARES,Lince,16/12/2021,9016.22
191-10631-54,C0631,CTA CORRIENTE,San Isidro,09/12/2017,11758.71
191-10632-46,C0632,CTA CORRIENTE,Cajamarca,28/04/2020,6512.13
191-10633-70,C0633,CTA CORRIENTE,Miraflores,01/09/2018,7888.06
191-10634-24,C0634,CTA AHORROS DOLARES,Callao,15/05/2021,7073.5
191-10635-17,C0635,CTA AHORROS DOLARES,Miraflores,03/03/2012,1808.18
191-10636-33,C0636,CTA CORRIENTE,Callao,03/04/2013,7903.72
191-10637-82,C0637,CTA AHORROS SOLES,La Molina,05/04/2012,7401.63
191-10638-42,C0638,CTA AHORROS SOLES,Miraflores,19/07/2020,12537.26
191-10639-33,C0639,CTA AHORROS DOLARES,Miraflores,30/07/2012,10183.33
191-10640-61,C0640,NA,Cajamarca,03/10/2019,6174.7
191-10641-96,C0641,CTA AHORROS DOLARES,La Molina,09/05/2019,8752.79
191-10642-38,C0642,CTA AHORROS DOLARES,Callao,09/08/2015,8947.24
191-10643-38,C0643,CTA CORRIENTE,Surco,16/05/2016,2923.61
191-10644-55,C0644,CTA CORRIENTE,Miraflores,12/04/2015,5950.04
191-10645-16,C0645,CTA CORRIENTE,San Isidro,17/06/2014,5646.9
191-10646-75,C0646,CTA AHORROS DOLARES,Surco,06/06/2019,12642.6
191-10647-33,C0647,CTA CORRIENTE,La Molina,16/12/2019,10985.73
191-10648-61,C0648,CTA AHORROS SOLES,Callao,20/12/2012,840.91
191-10649-21,C0649,CTA AHORROS SOLES,Lince,16/03/2015,14507.75
191-10650-87,C0650,CTA AHORROS SOLES,Cajamarca,07/11/2014,10291.12
191-10651-87,C0651,CTA AHORROS DOLARES,Surco,15/12/2014,12305.6
191-10652-74,C0652,CTA AHORROS DOLARES,Lince,15/06/2024,11732.26
191-10653-12,C0653,CTA AHORROS SOLES,Cajamarca,14/10/2014,7425.2
191-10654-80,C0654,NA,Callao,18/06/2016,14262.07
191-10655-65,C0655,CTA CORRIENTE,Lince,03/02/2012,9797.2
191-10656-26,C0656,CTA AHORROS SOLES,Miraflores,01/10/2012,7328.17
191-10657-45,C0657,CTA AHORROS DOLARES,Surco,08/09/2023,2994.28
191-10658-55,C0658,CTA AHORROS SOLES,Lince,06/07/2015,11726.46
191-10659-41,C0659,CTA CORRIENTE,Surco,24/08/2019,8733.89
191-10660-29,C0660,CTA AHORROS SOLES,La Molina,15/05/2023,5350.7
191-10661-40,C0661,NA,Miraflores,23/09/2015,5705.41
191-10662-76,C0662,NA,Surco,13/04/2019,4974.31
191-10663-93,C0663,CTA CORRIENTE,La Molina,26/10/2011,845.86
191-10664-99,C0664,CTA AHORROS DOLARES,Surco,04/03/2024,1251.12
191-10665-80,C0665,CTA CORRIENTE,Callao,07/04/2024,7828.35
191-10666-49,C0666,NA,Surco,14/09/2022,14652.1
191-10667-49,C0667,CTA AHORROS SOLES,San Isidro,17/08/2024,10772.56
191-10668-76,C0668,CTA AHORROS SOLES,Surco,10/05/2017,4567.76
191-10669-47,C0669,CTA CORRIENTE,Callao,14/05/2016,9357.46
191-10670-62,C0670,NA,Lince,11/09/2020,793.07
191-10671-31,C0671,CTA CORRIENTE,La Molina,09/11/2015,10434.31
191-10672-26,C0672,CTA AHORROS DOLARES,Lince,06/03/2015,9532.84
191-10673-74,C0673,NA,San Isidro,16/03/2023,10686.69
191-10674-43,C0674,NA,Miraflores,11/08/2012,11777.37
191-10675-43,C0675,CTA AHORROS SOLES,Miraflores,25/06/2016,9123.03
191-10676-73,C0676,NA,Surco,13/05/2019,11445.24
191-10677-54,C0677,NA,La Molina,23/08/2020,9338.22
191-10678-30,C0678,NA,Cajamarca,26/02/2015,13780.85
191-10679-48,C0679,NA,Lince,10/09/2014,11905.24
191-10680-28,C0680,CTA CORRIENTE,San Isidro,18/03/2012,11653.97
191-10681-66,C0681,CTA CORRIENTE,La Molina,15/03/2013,5790.78
191-10682-52,C0682,NA,Callao,29/03/2011,6932.16
191-10683-79,C0683,NA,San Isidro,04/02/2018,3342.83
191-10684-42,C0684,CTA CORRIENTE,Cajamarca,14/02/2013,14566.5
191-10685-96,C0685,CTA AHORROS SOLES,La Molina,03/04/2021,1159.39
191-10686-75,C0686,CTA CORRIENTE,Cajamarca,21/10/2014,1111.62
191-10687-38,C0687,NA,Miraflores,24/11/2019,2210.49
191-10688-96,C0688,CTA AHORROS SOLES,Cajamarca,19/02/2019,11277.34
191-10689-15,C0689,CTA CORRIENTE,San Isidro,25/12/2021,993.65
191-10690-92,C0690,CTA AHORROS SOLES,Callao,18/01/2010,5673.97
191-10691-16,C0691,CTA CORRIENTE,Miraflores,19/07/2024,1375.47
191-10692-11,C0692,NA,Callao,18/08/2018,7093.11
191-10693-92,C0693,CTA AHORROS DOLARES,La Molina,03/12/2021,5169.2
191-10694-27,C0694,CTA AHORROS SOLES,Miraflores,07/07/2012,12148.32
191-10695-53,C0695,NA,San Isidro,07/03/2023,4533.3
191-10696-99,C0696,NA,La Molina,10/04/2018,12868.41
191-10697-93,C0697,CTA CORRIENTE,San Isidro,26/07/2010,14435.0
191-10698-99,C0698,CTA CORRIENTE,Surco,22/09/2012,12852.69
191-10699-89,C0699,CTA AHORROS SOLES,Callao,20/09/2022,3343.17
191-10700-15,C0700,CTA AHORROS DOLARES,La Molina,21/12/2023,8779.09
191-10701-12,C0701,NA,Lince,09/04/2012,11946.56
191-10702-55,C0702,CTA AHORROS SOLES,Cajamarca,15/09/2014,5711.48
191-10703-41,C0703,CTA AHORROS SOLES,Lince,14/11/2021,4971.64
191-10704-90,C0704,CTA AHORROS DOLARES,La Molina,17/10/2019,1200.17
191-10705-60,C0705,CTA CORRIENTE,Callao,08/11/2012,10423.29
191-10706-50,C0706,CTA CORRIENTE,Miraflores,31/10/2016,6704.65
191-10707-68,C0707,CTA AHORROS SOLES,Callao,29/12/2021,4591.11
191-10708-41,C0708,NA,San Isidro,14/08/2012,8298.28
191-10709-11,C0709,CTA AHORROS DOLARES,San Isidro,26/12/2017,9242.89
191-10710-93,C0710,CTA AHORROS SOLES,Miraflores,09/02/2024,10669.96
191-10711-55,C0711,CTA CORRIENTE,San Isidro,01/07/2019,12291.21
191-10712-14,C0712,NA,Surco,07/10/2022,13841.05
191-10713-66,C0713,NA,Lince,05/06/2017,1805.98
191-10714-67,C0714,CTA CORRIENTE,Surco,15/06/2010,8320.6
191-10715-73,C0715,CTA AHORROS DOLARES,Lince,04/04/2017,2287.38
191-10716-87,C0716,CTA AHORROS SOLES,Miraflores,13/03/2020,2843.23
191-10717-77,C0717,NA,La Molina,16/10/2012,13210.85
191-10718-13,C0718,NA,Lince,02/05/2017,13047.74
191-10719-88,C0719,CTA AHORROS SOLES,La Molina,19/09/2020,7163.76
191-10720-91,C0720,NA,Lince,11/02/2014,647.04
191-10721-69,C0721,CTA CORRIENTE,Surco,09/02/2024,1817.26
191-10722-82,C0722,CTA AHORROS DOLARES,San Isidro,25/03/2013,6461.76
191-10723-89,C0723,CTA CORRIENTE,Cajamarca,25/05/2010,10880.08
191-10724-78,C0724,NA,Lince,29/06/2021,1248.45
191-10725-80,C0725,NA,Cajamarca,08/06/2011,8858.9
191-10726-44,C0726,CTA AHORROS DOLARES,Surco,25/08/2022,13734.68
191-10727-95,C0727,CTA CORRIENTE,Cajamarca,30/09/2014,3826.55
191-10728-43,C0728,CTA AHORROS DOLARES,Miraflores,22/01/2024,10932.35
191-10729-88,C0729,NA,Surco,23/04/2018,6882.92
191-10730-36,C0730,CTA AHORROS DOLARES,San Isidro,03/12/2011,2766.54
191-10731-17,C0731,NA,Miraflores,20/11/2024,2490.62
191-10732-19,C0732,CTA AHORROS SOLES,Callao,23/09/2013,11477.99
191-10733-41,C0733,CTA AHORROS SOLES,Callao,01/04/2017,13158.12
191-10734-38,C0734,CTA CORRIENTE,Cajamarca,28/02/2021,3454.76
191-10735-70,C0735,CTA AHORROS DOLARES,Callao,25/12/2010,14840.59
191-10736-33,C0736,CTA AHORROS DOLARES,La Molina,08/02/2012,7110.25
191-10737-65,C0737,NA,Cajamarca,11/06/2012,12175.89
191-10738-48,C0738,CTA AHORROS SOLES,Surco,13/10/2016,7748.87
191-10739-43,C0739,CTA AHORROS DOLARES,Cajamarca,29/08/2012,3223.7
191-10740-16,C0740,CTA AHORROS DOLARES,Cajamarca,30/06/2012,4353.65
191-10741-88,C0741,CTA CORRIENTE,San Isidro,07/02/2016,8948.55
191-10742-12,C0742,CTA AHORROS DOLARES,Miraflores,20/08/2022,6678.81
191-10743-91,C0743,CTA AHORROS SOLES,Miraflores,04/05/2010,2116.31
191-10744-28,C0744,CTA CORRIENTE,Lince,06/10/2015,1791.32
191-10745-69,C0745,CTA AHORROS SOLES,Cajamarca,29/12/2017,7868.42
191-10746-75,C0746,NA,La Molina,13/06/2021,4084.12
191-10747-22,C0747,NA,Miraflores,22/09/2019,7817.77
191-10748-29,C0748,CTA AHORROS SOLES,Surco,23/10/2018,5488.25
191-10749-70,C0749,CTA CORRIENTE,Callao,29/12/2018,13133.39
191-10750-25,C0750,CTA AHORROS SOLES,Surco,10/05/2021,7651.76
191-10751-60,C0751,NA,Cajamarca,18/11/2021,9804.59
191-10752-43,C0752,NA,La Molina,01/08/2014,1636.01
191-10753-20,C0753,NA,San Isidro,22/12/2020,10518.35
191-10754-55,C0754,CTA CORRIENTE,San Isidro,02/12/2017,3943.92
191-10755-40,C0755,CTA AHORROS DOLARES,Surco,19/03/2021,7167.21
191-10756-84,C0756,NA,Cajamarca,30/07/2022,1049.75
191-10757-24,C0757,CTA CORRIENTE,Lince,27/06/2018,10719.1
191-10758-99,C0758,CTA CORRIENTE,Lince,12/11/2019,12402.77
191-10759-44,C0759,CTA AHORROS DOLARES,San Isidro,24/03/2024,2344.46
191-10760-57,C0760,NA,Miraflores,25/09/2011,10120.86
191-10761-72,C0761,CTA CORRIENTE,Lince,17/07/2015,13190.5
191-10762-29,C0762,CTA AHORROS SOLES,Miraflores,05/06/2018,985.1
191-10763-35,C0763,NA,Callao,28/07/2013,3610.13
191-10764-43,C0764,NA,Surco,29/04/2011,2477.48
191-10765-15,C0765,CTA AHORROS DOLARES,Surco,27/10/2015,8750.53
191-10766-53,C0766,CTA AHORROS DOLARES,La Molina,08/09/2010,12399.51
191-10767-63,C0767,CTA AHORROS SOLES,Lince,25/09/2021,10678.47
191-10768-74,C0768,CTA AHORROS SOLES,Callao,25/10/2018,3877.97
191-10769-62,C0769,CTA CORRIENTE,Surco,13/03/2015,12553.5
191-10770-70,C0770,CTA CORRIENTE,Callao,18/05/2010,12383.55
191-10771-25,C0771,CTA AHORROS SOLES,Cajamarca,12/11/2013,5277.48
191-10772-62,C0772,CTA CORRIENTE,La Molina,09/09/2015,9419.32
191-10773-34,C0773,NA,San Isidro,31/10/2011,8292.02
191-10774-18,C0774,CTA AHORROS DOLARES,San Isidro,18/04/2020,7046.07
191-10775-23,C0775,CTA CORRIENTE,La Molina,21/06/2016,13902.73
191-10776-69,C0776,CTA CORRIENTE,Cajamarca,18/12/2016,4694.54
191-10777-36,C0777,CTA AHORROS SOLES,Lince,30/09/2023,12567.83
191-10778-27,C0778,CTA AHORROS SOLES,San Isidro,13/08/2019,11889.75
191-10779-69,C0779,CTA CORRIENTE,Surco,10/09/2017,8126.27
191-10780-77,C0780,CTA AHORROS DOLARES,Cajamarca,21/04/2018,2867.3
191-10781-93,C0781,CTA AHORROS DOLARES,Surco,26/10/2018,5486.13
191-10782-23,C0782,CTA AHORROS SOLES,Surco,12/11/2010,11154.19
191-10783-32,C0783,NA,Callao,31/10/2021,7623.49
191-10784-78,C0784,CTA AHORROS SOLES,Lince,12/12/2023,7810.32
191-10785-66,C0785,CTA AHORROS DOLARES,Lince,05/04/2022,7729.84
191-10786-11,C0786,CTA AHORROS SOLES,La Molina,25/07/2015,7331.61
191-10787-68,C0787,NA,Surco,22/04/2019,2377.25
191-10788-60,C0788,CTA CORRIENTE,La Molina,17/09/2010,3609.06
191-10789-87,C0789,CTA AHORROS SOLES,San Isidro,14/07/2020,6196.17
191-10790-34,C0790,CTA AHORROS SOLES,Cajamarca,08/02/2023,4140.55
191-10791-24,C0791,NA,La Molina,04/11/2020,14447.63
191-10792-22,C0792,CTA AHORROS SOLES,Miraflores,11/09/2021,11773.08
191-10793-68,C0793,CTA AHORROS DOLARES,San Isidro,13/04/2024,3211.27
191-10794-89,C0794,CTA AHORROS SOLES,Lince,14/03/2021,3914.71
191-10795-69,C0795,CTA CORRIENTE,Callao,05/01/2023,9627.34
191-10796-67,C0796,CTA AHORROS DOLARES,Miraflores,29/06/2018,7317.23
191-10797-47,C0797,CTA AHORROS SOLES,Cajamarca,14/01/2019,6697.73
191-10798-58,C0798,NA,Surco,04/10/2013,9729.48
191-10799-18,C0799,CTA CORRIENTE,Callao,20/06/2015,4459.19
191-10800-20,C0800,NA,Cajamarca,14/01/2010,14937.22
191-10801-14,C0801,CTA CORRIENTE,Callao,08/05/2010,6317.64
191-10802-35,C0802,CTA AHORROS SOLES,Lince,07/02/2023,6120.19
191-10803-15,C0803,CTA AHORROS SOLES,Miraflores,13/09/2012,11367.71
191-10804-39,C0804,CTA AHORROS DOLARES,Surco,28/05/2021,7466.77
191-10805-13,C0805,CTA CORRIENTE,San Isidro,04/01/2018,2865.68
191-10806-46,C0806,NA,Surco,24/05/2024,8605.97
191-10807-50,C0807,CTA CORRIENTE,Surco,06/02/2018,10117.63
191-10808-10,C0808,NA,La Molina,04/08/2010,6396.39
191-10809-17,C0809,CTA AHORROS DOLARES,Cajamarca,17/02/2020,5578.97
191-10810-12,C0810,CTA AHORROS SOLES,La Molina,01/10/2017,11438.19
191-10811-44,C0811,CTA CORRIENTE,Lince,10/03/2016,4987.46
191-10812-24,C0812,CTA AHORROS DOLARES,Cajamarca,13/01/2015,10427.36
191-10813-73,C0813,CTA CORRIENTE,La Molina,03/09/2014,12277.83
191-10814-57,C0814,NA,Surco,09/10/2018,4781.77
191-10815-37,C0815,CTA AHORROS SOLES,Cajamarca,19/04/2012,9951.39
191-10816-29,C0816,CTA CORRIENTE,San Isidro,18/01/2017,1137.99
191-10817-83,C0817,CTA CORRIENTE,Cajamarca,01/01/2016,10071.56
191-10818-48,C0818,CTA AHORROS DOLARES,Lince,19/06/2015,9586.47
191-10819-94,C0819,NA,Surco,12/02/2024,819.09
191-10820-88,C0820,CTA CORRIENTE,La Molina,10/12/2015,1981.03
191-10821-52,C0821,CTA AHORROS SOLES,San Isidro,18/07/2019,6440.44
191-10822-75,C0822,CTA CORRIENTE,Surco,22/11/2021,5834.25
191-10823-91,C0823,NA,Callao,03/01/2022,927.05
191-10824-87,C0824,CTA CORRIENTE,Callao,04/05/2017,4939.98
191-10825-94,C0825,CTA AHORROS SOLES,Surco,21/08/2013,8468.96
191-10826-18,C0826,CTA AHORROS DOLARES,Callao,06/04/2022,10030.65
191-10827-69,C0827,CTA AHORROS SOLES,Surco,26/08/2016,14742.65
191-10828-52,C0828,CTA AHORROS SOLES,La Molina,25/02/2024,9463.56
191-10829-67,C0829,CTA AHORROS SOLES,Cajamarca,01/06/2024,5727.76
191-10830-12,C0830,CTA AHORROS DOLARES,Lince,15/03/2013,6601.87
191-10831-70,C0831,CTA AHORROS SOLES,San Isidro,28/08/2022,2540.8
191-10832-16,C0832,CTA AHORROS SOLES,Cajamarca,02/03/2018,4134.3
191-10833-13,C0833,CTA AHORROS DOLARES,La Molina,20/10/2023,12606.22
191-10834-44,C0834,CTA CORRIENTE,Surco,17/08/2024,589.15
191-10835-27,C0835,CTA AHORROS SOLES,Cajamarca,08/11/2018,1903.39
191-10836-83,C0836,NA,San Isidro,06/07/2019,12905.14
191-10837-71,C0837,NA,Callao,22/07/2014,13594.19
191-10838-65,C0838,NA,Callao,16/03/2024,8249.12
191-10839-39,C0839,CTA CORRIENTE,La Molina,09/06/2016,6725.92
191-10840-59,C0840,CTA CORRIENTE,La Molina,11/01/2016,13511.24
191-10841-47,C0841,CTA AHORROS SOLES,La Molina,30/11/2024,5019.91
191-10842-57,C0842,CTA AHORROS DOLARES,Cajamarca,14/03/2020,10408.24
191-10843-56,C0843,CTA AHORROS SOLES,Surco,10/11/2023,14185.36
191-10844-54,C0844,CTA AHORROS SOLES,San Isidro,25/09/2014,4934.08
191-10845-72,C0845,CTA AHORROS SOLES,La Molina,24/03/2011,4464.68
191-10846-84,C0846,NA,Callao,10/09/2021,5269.06
191-10847-46,C0847,CTA AHORROS DOLARES,San Isidro,24/07/2015,1602.86
191-10848-50,C0848,CTA AHORROS DOLARES,Surco,08/05/2020,12296.08
191-10849-79,C0849,CTA AHORROS DOLARES,Lince,11/10/2012,11722.55
191-10850-36,C0850,CTA AHORROS SOLES,La Molina,22/10/2014,6519.58
191-10851-93,C0851,CTA CORRIENTE,Surco,15/05/2011,9935.19
191-10852-63,C0852,CTA AHORROS SOLES,Surco,24/02/2014,8194.04
191-10853-44,C0853,CTA CORRIENTE,Surco,26/01/2013,11428.62
191-10854-51,C0854,CTA CORRIENTE,Callao,14/12/2014,1499.76
191-10855-80,C0855,CTA CORRIENTE,San Isidro,07/07/2023,13616.2
191-10856-21,C0856,CTA CORRIENTE,La Molina,15/04/2019,14844.66
191-10857-82,C0857,CTA CORRIENTE,Callao,12/07/2010,6215.83
191-10858-20,C0858,CTA AHORROS SOLES,San Isidro,09/08/2011,8518.14
191-10859-25,C0859,CTA AHORROS SOLES,La Molina,23/05/2013,10369.63
191-10860-71,C0860,NA,San Isidro,28/05/2015,10898.69
191-10861-52,C0861,NA,Lince,06/07/2016,11417.88
191-10862-64,C0862,CTA AHORROS DOLARES,Cajamarca,31/03/2023,13277.03
191-10863-50,C0863,NA,San Isidro,21/01/2019,9766.35
191-10864-20,C0864,CTA AHORROS DOLARES,Callao,12/12/2021,7062.48
191-10865-39,C0865,CTA AHORROS SOLES,Cajamarca,30/09/2015,9996.03
191-10866-16,C0866,CTA CORRIENTE,Cajamarca,16/07/2014,14108.71
191-10867-30,C0867,CTA AHORROS SOLES,Callao,13/04/2024,2610.83
191-10868-36,C0868,CTA AHORROS DOLARES,La Molina,03/08/2021,8659.76
191-10869-83,C0869,CTA CORRIENTE,Surco,05/10/2020,3547.36
191-10870-84,C0870,CTA CORRIENTE,San Isidro,12/05/2015,7398.11
191-10871-31,C0871,CTA AHORROS SOLES,Miraflores,05/07/2022,8707.14
191-10872-23,C0872,CTA AHORROS DOLARES,La Molina,16/06/2012,8226.4
191-10873-11,C0873,CTA AHORROS DOLARES,Miraflores,22/12/2012,12491.95
191-10874-53,C0874,CTA AHORROS DOLARES,Lince,15/02/2016,914.06
191-10875-99,C0875,NA,Lince,16/07/2019,11058.86
191-10876-88,C0876,CTA CORRIENTE,Miraflores,08/08/2018,8756.37
191-10877-61,C0877,NA,La Molina,30/01/2013,11354.97
191-10878-95,C0878,CTA AHORROS DOLARES,San Isidro,10/10/2021,13604.8
191-10879-39,C0879,CTA CORRIENTE,Miraflores,25/06/2023,6772.21
191-10880-68,C0880,CTA AHORROS SOLES,Miraflores,31/05/2016,4875.76
191-10881-85,C0881,NA,San Isidro,18/07/2014,4271.42
191-10882-64,C0882,CTA AHORROS SOLES,Cajamarca,07/04/2013,10069.54
191-10883-92,C0883,CTA AHORROS DOLARES,La Molina,06/04/2018,14482.48
191-10884-45,C0884,CTA CORRIENTE,Cajamarca,07/10/2019,13662.04
191-10885-73,C0885,NA,Callao,07/04/2017,10988.84
191-10886-43,C0886,NA,Cajamarca,14/02/2019,9056.45
191-10887-44,C0887,NA,Callao,21/06/2021,620.28
191-10888-97,C0888,CTA AHORROS DOLARES,San Isidro,18/10/2021,2584.93
191-10889-77,C0889,CTA AHORROS DOLARES,Miraflores,18/01/2011,10535.95
191-10890-16,C0890,CTA AHORROS DOLARES,Surco,29/01/2018,9044.64
191-10891-55,C0891,CTA AHORROS DOLARES,Surco,23/09/2010,8437.89
191-10892-89,C0892,CTA AHORROS SOLES,La Molina,12/09/2010,6667.92
191-10893-44,C0893,CTA CORRIENTE,La Molina,15/10/2020,13830.93
191-10894-18,C0894,CTA AHORROS DOLARES,La Molina,21/09/2016,13545.12
191-10895-90,C0895,CTA AHORROS SOLES,Lince,13/10/2010,11951.63
191-10896-39,C0896,CTA CORRIENTE,Miraflores,31/08/2016,8042.0
191-10897-43,C0897,CTA AHORROS DOLARES,Callao,17/04/2020,4725.3
191-10898-37,C0898,CTA AHORROS SOLES,Lince,29/08/2024,9833.62
191-10899-17,C0899,CTA CORRIENTE,La Molina,28/01/2017,11627.5
191-10900-42,C0900,CTA CORRIENTE,Lince,25/04/2013,10585.29
191-10901-37,C0901,NA,Cajamarca,27/03/2024,13054.31
191-10902-14,C0902,CTA CORRIENTE,San Isidro,25/12/2015,9580.35
191-10903-17,C0903,CTA AHORROS SOLES,Callao,14/11/2014,8163.34
191-10904-19,C0904,CTA AHORROS SOLES,Callao,30/05/2022,7922.3
191-10905-52,C0905,CTA CORRIENTE,Callao,23/10/2023,5891.16
191-10906-77,C0906,NA,Miraflores,27/06/2011,2073.99
191-10907-42,C0907,CTA AHORROS SOLES,San Isidro,21/01/2017,1804.87
191-10908-31,C0908,CTA CORRIENTE,La Molina,07/05/2022,610.48
191-10909-70,C0909,CTA CORRIENTE,Callao,11/07/2012,13584.87
191-10910-76,C0910,CTA AHORROS DOLARES,San Isidro,13/08/2017,4516.33
191-10911-67,C0911,CTA CORRIENTE,Cajamarca,11/09/2013,9920.61
191-10912-51,C0912,NA,Surco,18/07/2013,2717.28
191-10913-87,C0913,CTA AHORROS SOLES,Miraflores,14/06/2018,915.88
191-10914-48,C0914,CTA AHORROS SOLES,San Isidro,31/07/2010,4616.2
191-10915-46,C0915,NA,Lince,24/09/2019,14521.35
191-10916-47,C0916,CTA CORRIENTE,Miraflores,09/03/2016,10412.21
191-10917-83,C0917,CTA AHORROS SOLES,Callao,25/11/2021,10377.15
191-10918-98,C0918,CTA AHORROS SOLES,San Isidro,18/07/2017,5898.87
191-10919-84,C0919,CTA CORRIENTE,Callao,03/07/2021,2982.13
191-10920-76,C0920,NA,Surco,10/01/2014,5305.69
191-10921-90,C0921,CTA CORRIENTE,San Isidro,02/12/2015,5324.25
191-10922-36,C0922,CTA AHORROS SOLES,La Molina,21/10/2011,14853.25
191-10923-50,C0923,NA,Callao,05/11/2022,8679.86
191-10924-54,C0924,NA,Callao,17/12/2024,10288.6
191-10925-55,C0925,CTA CORRIENTE,La Molina,02/05/2018,14111.89
191-10926-30,C0926,CTA AHORROS DOLARES,La Molina,11/02/2021,8850.95
191-10927-18,C0927,NA,Lince,27/12/2013,8179.36
191-10928-47,C0928,NA,La Molina,29/10/2010,14058.67
191-10929-60,C0929,NA,La Molina,22/04/2024,3951.33
191-10930-90,C0930,CTA AHORROS SOLES,San Isidro,13/09/2015,10935.51
191-10931-47,C0931,NA,Surco,23/08/2014,5376.33
191-10932-38,C0932,CTA AHORROS SOLES,San Isidro,24/08/2024,4357.41
191-10933-56,C0933,CTA CORRIENTE,Callao,06/01/2020,13638.84
191-10934-99,C0934,CTA AHORROS DOLARES,Surco,07/05/2016,1842.76
191-10935-37,C0935,CTA AHORROS DOLARES,Lince,04/06/2014,9977.88
191-10936-74,C0936,NA,San Isidro,27/11/2018,12479.82
191-10937-50,C0937,CTA CORRIENTE,Callao,23/04/2014,13753.55
191-10938-77,C0938,CTA CORRIENTE,Miraflores,01/03/2022,2720.75
191-10939-45,C0939,CTA AHORROS DOLARES,Miraflores,13/02/2018,11320.45
191-10940-24,C0940,CTA AHORROS DOLARES,Cajamarca,05/03/2023,8035.55
191-10941-39,C0941,CTA AHORROS SOLES,San Isidro,29/11/2019,4671.18
191-10942-72,C0942,CTA CORRIENTE,Miraflores,17/12/2019,2884.66
191-10943-96,C0943,NA,Callao,04/07/2015,1948.06
191-10944-31,C0944,CTA CORRIENTE,Lince,15/07/2012,11897.56
191-10945-75,C0945,CTA AHORROS SOLES,Cajamarca,18/05/2020,3266.89
191-10946-42,C0946,CTA CORRIENTE,Cajamarca,21/05/2023,6820.32
191-10947-71,C0947,NA,Callao,27/01/2015,7245.12
191-10948-82,C0948,NA,Surco,17/02/2023,2635.38
191-10949-26,C0949,CTA AHORROS DOLARES,La Molina,08/11/2024,11588.81
191-10950-39,C0950,NA,Surco,27/07/2021,3614.15
191-10951-65,C0951,CTA CORRIENTE,Callao,09/06/2018,3465.65
191-10952-13,C0952,CTA CORRIENTE,Surco,20/11/2018,11908.77
191-10953-25,C0953,CTA AHORROS DOLARES,La Molina,20/09/2014,547.03
191-10954-35,C0954,CTA AHORROS SOLES,Lince,21/10/2022,9193.64
191-10955-97,C0955,NA,Cajamarca,19/07/2024,5913.06
191-10956-49,C0956,CTA CORRIENTE,La Molina,31/01/2022,716.91
191-10957-30,C0957,CTA CORRIENTE,Callao,17/04/2014,4692.12
191-10958-82,C0958,NA,Surco,11/11/2017,9404.65
191-10959-96,C0959,CTA AHORROS DOLARES,Cajamarca,07/08/2021,535.47
191-10960-89,C0960,CTA AHORROS SOLES,Callao,12/03/2015,7018.24
191-10961-81,C0961,CTA AHORROS DOLARES,Lince,28/09/2023,12653.17
191-10962-96,C0962,CTA AHORROS DOLARES,Callao,21/10/2020,5968.6
191-10963-91,C0963,NA,San Isidro,20/04/2014,10325.48
191-10964-61,C0964,CTA CORRIENTE,Surco,29/06/2018,9464.42
191-10965-19,C0965,NA,Lince,19/09/2015,4138.55
191-10966-83,C0966,CTA AHORROS SOLES,La Molina,03/08/2022,2584.05
191-10967-99,C0967,CTA CORRIENTE,Lince,20/05/2010,10473.74
191-10968-55,C0968,CTA AHORROS DOLARES,San Isidro,01/09/2018,8017.98
191-10969-55,C0969,NA,La Molina,28/04/2015,8725.43
191-10970-91,C0970,CTA CORRIENTE,Miraflores,27/04/2011,7148.79
191-10971-34,C0971,CTA AHORROS SOLES,Lince,10/05/2013,5196.84
191-10972-56,C0972,CTA AHORROS SOLES,Surco,21/04/2021,13743.74
191-10973-38,C0973,CTA CORRIENTE,La Molina,03/10/2019,10008.15
191-10974-89,C0974,CTA AHORROS DOLARES,Cajamarca,04/04/2023,8044.83
191-10975-83,C0975,NA,Surco,06/09/2015,13697.05
191-10976-76,C0976,CTA AHORROS DOLARES,Callao,01/06/2011,5694.98
191-10977-73,C0977,CTA AHORROS DOLARES,Surco,09/05/2019,4086.89
191-10978-29,C0978,CTA AHORROS DOLARES,La Molina,03/10/2022,3490.29
191-10979-90,C0979,CTA AHORROS DOLARES,La Molina,15/06/2012,7139.65
191-10980-93,C0980,CTA AHORROS SOLES,Miraflores,23/04/2015,8589.84
191-10981-40,C0981,CTA AHORROS SOLES,Miraflores,21/06/2020,4748.12
191-10982-55,C0982,CTA CORRIENTE,Miraflores,02/11/2022,2923.5
191-10983-71,C0983,CTA AHORROS SOLES,Lince,06/11/2018,3080.1
191-10984-61,C0984,CTA AHORROS SOLES,Cajamarca,17/12/2018,14501.68
191-10985-14,C0985,CTA CORRIENTE,San Isidro,09/09/2010,10606.2
191-10986-22,C0986,CTA CORRIENTE,Callao,24/12/2018,9989.15
191-10987-74,C0987,CTA CORRIENTE,Miraflores,14/12/2019,4250.58
191-10988-53,C0988,CTA AHORROS DOLARES,Callao,21/09/2015,3558.72
191-10989-58,C0989,NA,Callao,22/07/2022,14568.39
191-10990-58,C0990,NA,Surco,06/02/2016,7042.0
191-10991-13,C0991,CTA CORRIENTE,San Isidro,14/05/2023,13374.52
191-10992-67,C0992,CTA AHORROS SOLES,Cajamarca,03/04/2024,1952.68
191-10993-48,C0993,CTA AHORROS SOLES,Miraflores,05/06/2011,3790.4
191-10994-28,C0994,CTA AHORROS DOLARES,Callao,19/09/2015,6148.78
191-10995-72,C0995,CTA CORRIENTE,San Isidro,11/08/2015,7601.55
191-10996-68,C0996,CTA AHORROS DOLARES,San Isidro,14/08/2023,2769.6
191-10997-65,C0997,CTA AHORROS DOLARES,Cajamarca,02/10/2018,848.73
191-10998-55,C0998,CTA CORRIENTE,San Isidro,15/05/2018,6721.54
191-10999-72,C0999,CTA CORRIENTE,Surco,10/12/2021,1926.16
191-11000-14,C1000,NA,San Isidro,19/05/2017,13939.13
